stage,count,value_mm
Games Analyzed,50,1232314.3734915212
Companies Identified,200,8221.345580406334
Initial Screening,182,7452.8538966087835
Due Diligence,125,5559.997204912908
LOI Stage,47,2476.6233159282815
Negotiations,29,1939.5460611673402
Investments Closed,10,651.6078768551755
