stage,count,value_mm
Initial Investment,30,1069.3104757763217
Operational Improvements,120,589.447313801868
Revenue Growth,108,1190.3289534239343
EBITDA Growth,110,1241.0088267058159
Multiple Expansion,71,1198.1117440443893
Value Creation,53,1557.5452672577062
